Parent,Sub,CountL,R,431,
L,V,1525,
V,I,1388,
A,E,660,
V,R,281,
G,R,228,
Q,K,514,
D,Q,287,
I,A,749,
I,D,114,
K,G,266,
H,R,198,
E,D,738,
T,V,544,
D,T,321,
K,L,405,
H,D,143,
G,L,296,
V,D,174,
V,Y,362,
A,L,1016,
L,I,1680,
K,V,336,
P,G,186,
A,R,470,
Q,E,556,
H,Y,149,
T,S,686,
K,T,363,
K,E,732,
Y,A,371,
F,E,140,
I,G,235,
S,V,364,
E,R,548,
I,K,259,
L,A,963,
H,T,152,
A,G,718,
G,A,706,
M,A,243,
N,G,429,
K,S,431,
A,Y,326,
L,F,902,
L,Y,475,
F,L,854,
R,I,243,
D,A,405,
I,M,381,
V,A,1012,
A,T,607,
G,N,273,
D,E,750,
L,S,368,
H,S,161,
K,N,306,
K,I,243,
L,M,578,
P,R,144,
Q,N,246,
H,L,163,
T,E,424,
F,Q,118,
S,I,259,
E,Q,587,
L,T,529,
H,A,213,
G,K,230,
F,I,516,
R,C,67,
D,G,359,
I,L,1697,
E,N,342,
V,S,319,
Q,I,175,
E,P,238,
T,L,481,
E,K,747,
K,Y,155,
D,K,410,
R,S,353,
H,E,181,
E,A,659,
S,D,417,
D,F,103,
K,A,595,
H,Q,161,
V,Q,217,
L,C,176,
P,E,207,
I,P,144,
Y,V,405,
F,D,81,
I,F,591,
S,W,67,
I,E,258,
H,G,133,
G,Q,193,
M,W,49,
N,H,175,
A,I,654,
L,G,267,
L,E,402,
R,A,439,
A,Q,394,
V,H,193,
E,Y,197,
D,N,401,
K,C,54,
G,D,313,
T,A,587,
F,A,369,
S,F,182,
E,T,423,
A,F,397,
I,R,219,
F,M,178,
A,S,777,
G,V,280,
M,F,170,
N,T,348,
F,V,593,
D,S,369,
E,S,475,
V,L,1521,
A,N,369,
Q,A,469,
R,K,776,
S,N,398,
V,K,323,
K,H,189,
E,H,190,
P,D,155,
Q,R,352,
I,V,1592,
Y,N,153,
S,A,779,
A,C,194,
V,T,581,
A,P,296,
G,C,81,
M,V,299,
N,D,541,
L,K,443,
A,K,553,
E,W,67,
K,Q,430,
L,Q,278,
K,D,407,
I,T,392,
S,G,501,
V,E,351,
N,Y,156,
V,M,263,
S,T,632,
V,G,299,
D,C,27,
I,Q,211,
E,M,103,
P,N,106,
Y,Q,147,
A,H,192,
H,K,184,
A,D,399,
G,S,446,
N,A,402,
L,N,237,
D,V,196,
K,M,114,
Q,L,313,
D,R,246,
A,M,249,
T,K,404,
Y,H,180,
S,K,427,
E,F,129,
F,W,151,
N,S,374,
L,H,236,
R,V,321,
G,T,259,
R,N,274,
S,M,113,
P,T,203,
A,V,1066,
F,K,167,
E,V,371,
K,R,686,
V,P,203,
I,C,162,
E,G,356,
D,H,130,
H,N,152,
P,K,197,
H,F,97,
G,E,285,
I,H,121,
T,Y,208,
P,Q,102,
Y,E,215,
F,S,201,
S,E,493,
N,E,414,
R,F,147,
D,M,76,
E,L,377,
Q,T,296,
D,P,197,
R,Q,401,
R,H,203,
P,A,331,
Q,D,320,
T,H,143,
M,L,506,
Q,G,214,
K,F,123,
T,D,367,
M,Y,117,
N,Q,254,
E,I,225,
I,S,243,
Y,W,164,
D,L,233,
K,P,232,
Q,P,139,
S,L,412,
F,Y,454,
V,N,183,
T,M,120,
Q,V,251,
T,G,280,
F,P,79,
H,I,110,
L,D,250,
R,D,343,
H,V,143,
F,N,112,
S,R,346,
V,F,549,
Q,H,148,
Q,S,294,
P,I,127,
M,S,130,
P,L,190,
Y,K,201,
M,Q,97,
T,W,72,
N,P,126,
M,D,73,
P,C,26,
Y,D,143,
M,G,119,
F,H,134,
M,R,116,
I,N,135,
T,R,342,
T,F,237,
S,Q,297,
N,L,258,
Y,S,165,
L,W,209,
N,F,115,
W,F,140,
G,M,83,
F,T,184,
Y,F,478,
G,P,201,
S,C,98,
D,Y,132,
R,T,339,
N,K,405,
Y,L,538,
Q,C,40,
W,Y,134,
N,R,349,
R,E,586,
Y,R,216,
R,L,363,
M,I,288,
G,I,187,
T,N,278,
L,P,179,
T,I,370,
P,V,215,
G,Y,161,
N,M,68,
T,Q,286,
N,I,158,
Y,P,96,
H,W,31,
I,Y,326,
C,W,22,
N,V,198,
R,P,152,
G,F,176,
Q,F,130,
S,P,229,
Y,G,163,
C,R,57,
C,Y,65,
W,T,58,
Y,C,74,
C,T,133,
W,A,103,
Y,M,113,
K,W,60,
W,R,70,
W,K,52,
Y,I,331,
Q,W,48,
C,L,208,
C,V,198,
W,S,69,
W,E,55,
W,I,115,
R,Y,176,
Y,T,207,
C,A,250,
C,I,132,
N,W,45,
F,R,160,
W,Q,41,
F,C,85,
M,C,42,
G,W,54,
Q,M,88,
H,M,43,
S,H,147,
N,C,69,
F,G,149,
I,W,125,
R,M,119,
M,E,114,
P,S,220,
R,G,249,
M,K,107,
D,W,56,
C,S,100,
S,Y,198,
W,D,46,
C,H,34,
P,F,78,
V,C,232,
P,H,55,
Q,Y,126,
C,G,103,
W,N,47,
C,K,48,
P,Y,74,
M,T,145,
T,C,87,
W,G,50,
G,H,115,
V,W,119,
W,L,198,
A,W,88,
P,W,37,
T,P,155,
C,E,52,
M,N,48,
C,Q,42,
W,H,29,
W,M,39,
W,V,122,
D,I,107,
C,F,78,
H,C,23,
E,C,63,
R,W,62,
H,P,96,
W,P,31,
M,H,41,
C,M,60,
C,N,45,
C,D,27,
W,C,23,
P,M,40,
C,P,44,
M,P,60,
