Parent,Sub,CountG,T,120,
W,G,42,
V,M,116,
A,G,271,
G,I,91,
S,K,171,
L,V,777,
L,C,108,
K,R,272,
K,A,217,
A,I,245,
S,M,44,
A,K,231,
K,L,192,
H,G,50,
L,I,838,
A,D,155,
K,G,110,
V,I,724,
G,V,111,
S,Y,77,
F,M,86,
L,D,94,
S,G,188,
K,T,159,
H,Y,59,
L,T,226,
K,S,180,
G,K,144,
W,R,23,
V,A,439,
S,N,171,
L,R,138,
F,R,73,
A,E,201,
M,V,141,
A,N,116,
E,P,143,
L,F,437,
L,W,98,
R,K,272,
A,T,208,
G,Q,100,
W,A,63,
V,L,714,
P,S,117,
L,K,151,
K,Y,64,
K,V,125,
A,W,55,
S,V,189,
A,R,195,
H,N,58,
L,Y,223,
K,N,179,
W,K,35,
S,L,154,
A,C,109,
K,H,69,
H,L,72,
A,L,354,
R,N,118,
G,D,158,
W,E,22,
F,L,454,
E,I,101,
K,Q,189,
K,D,193,
R,H,75,
K,E,309,
S,A,314,
L,E,141,
S,E,223,
R,V,125,
Y,E,102,
G,E,138,
G,A,285,
L,S,130,
M,L,276,
S,T,225,
R,E,254,
A,M,73,
Y,M,51,
F,Y,280,
T,S,225,
A,Q,157,
A,S,291,
E,A,278,
L,A,357,
G,C,39,
W,I,53,
S,H,56,
A,P,184,
H,F,44,
R,M,52,
A,V,364,
G,H,48,
W,Q,12,
V,H,65,
L,H,67,
H,V,66,
S,D,174,
H,R,60,
K,P,90,
L,Q,120,
L,M,249,
H,M,22,
G,S,204,
S,C,44,
K,I,105,
T,L,204,
L,G,136,
H,D,63,
A,Y,157,
S,I,98,
K,F,62,
S,R,118,
Y,L,234,
S,Q,107,
M,I,124,
V,F,297,
K,W,25,
P,Q,64,
M,G,55,
E,D,299,
I,L,795,
R,L,155,
M,R,39,
V,P,138,
M,T,42,
Q,Y,35,
I,P,109,
I,H,40,
Y,K,83,
I,V,813,
Q,S,93,
I,Y,170,
Y,T,93,
D,A,123,
L,N,84,
Q,I,68,
I,A,326,
Y,F,275,
N,L,91,
E,S,190,
Q,A,128,
V,S,153,
Q,D,95,
Q,L,90,
E,L,148,
Q,K,161,
T,D,99,
E,Q,218,
Q,R,143,
T,I,144,
Q,E,176,
I,M,150,
E,R,220,
W,Y,87,
E,N,133,
I,N,53,
D,K,152,
I,K,106,
V,T,212,
L,P,140,
V,E,141,
H,A,75,
D,G,179,
P,K,106,
V,N,78,
E,K,303,
F,N,54,
I,F,234,
V,K,123,
E,T,172,
I,W,50,
V,Y,185,
Y,H,83,
D,E,226,
I,E,93,
Q,G,93,
D,P,89,
E,G,144,
Q,N,78,
D,F,39,
Q,P,43,
D,N,161,
D,S,149,
D,I,40,
Q,M,28,
Q,H,37,
E,V,150,
D,L,77,
Q,V,86,
G,R,130,
H,K,77,
N,E,114,
V,Q,100,
K,M,47,
I,C,63,
Y,D,47,
F,I,288,
I,Q,72,
F,V,347,
P,T,103,
V,W,51,
E,F,73,
F,A,194,
F,Q,60,
Y,A,155,
E,H,55,
V,G,161,
I,R,103,
E,C,39,
P,L,126,
V,R,133,
Y,R,62,
R,Q,147,
P,V,157,
R,A,216,
T,R,99,
M,E,43,
M,F,71,
C,R,32,
D,Q,96,
C,Q,25,
R,S,137,
H,I,51,
V,C,84,
G,M,39,
P,G,72,
A,H,80,
G,P,73,
A,F,146,
E,Y,68,
V,D,54,
P,R,78,
S,F,67,
P,H,29,
P,A,178,
M,A,119,
H,Q,39,
T,N,102,
E,M,47,
R,F,63,
I,T,163,
N,R,101,
C,V,95,
G,N,159,
C,S,65,
G,W,28,
C,L,68,
T,G,120,
C,Y,27,
H,S,73,
T,Q,103,
D,H,69,
T,K,142,
C,N,22,
R,W,25,
C,H,16,
M,Y,35,
D,R,86,
H,E,64,
Y,W,80,
Y,C,47,
D,V,56,
W,V,73,
G,L,124,
Y,N,46,
W,C,43,
W,H,18,
F,K,71,
G,F,80,
R,Y,90,
W,L,96,
T,E,143,
N,M,30,
T,P,71,
N,V,70,
F,S,93,
I,S,114,
N,T,123,
Y,Q,39,
W,F,78,
N,D,195,
M,P,21,
C,I,46,
H,T,69,
R,G,100,
H,C,21,
H,P,33,
G,Y,59,
T,A,226,
C,E,24,
S,P,109,
C,K,32,
M,K,29,
C,A,87,
C,G,49,
F,W,88,
P,I,92,
N,A,127,
T,Y,73,
M,S,47,
D,T,106,
T,V,247,
T,F,91,
Y,I,126,
Y,V,204,
Y,G,68,
F,G,97,
N,S,121,
Q,T,87,
F,H,48,
W,D,26,
D,M,23,
R,T,133,
R,I,95,
T,C,43,
D,Y,41,
R,D,120,
F,E,62,
N,G,157,
T,M,51,
N,K,114,
F,D,64,
P,M,34,
I,D,59,
C,T,40,
C,M,12,
I,G,77,
R,P,85,
S,W,35,
P,D,96,
F,P,63,
P,E,124,
F,T,109,
Q,C,15,
E,W,26,
Q,F,51,
Y,S,78,
W,M,25,
M,D,19,
N,P,84,
P,F,54,
K,C,28,
P,N,61,
Y,P,57,
P,C,20,
N,C,20,
C,W,11,
D,W,14,
W,P,15,
W,N,21,
M,C,18,
N,H,36,
W,S,22,
N,Y,51,
R,C,17,
N,Q,96,
T,H,59,
F,C,66,
C,P,30,
M,Q,29,
N,I,67,
D,C,17,
T,W,28,
N,F,31,
W,T,26,
P,W,20,
M,H,16,
N,W,28,
C,D,19,
P,Y,37,
H,W,26,
M,N,14,
M,W,20,
C,F,36,
Q,W,6,
